0,-0.26746,0.030294,0.057488,0
1,-0.10143,0.09768,-0.26097,0
2,0.005074,-0.14934,-0.010212,1
3,-0.01425,0.17304,0.038011,1
4,0.1235,0.057389,-0.018367,1
5,-0.089789,0.083347,-0.26269,0
6,0.12716,0.11406,-0.03153,1
7,0.094156,0.056861,0.068547,1
8,0.1403,0.10428,-0.014488,1
9,-0.22052,-0.031156,-0.16119,0
10,0.12689,0.11083,-0.038272,1
11,0.0066197,-0.15656,-0.005453,1
12,-0.12353,0.099844,-0.26622,0
13,-0.18382,-0.074486,-0.21071,0
14,-0.074763,0.094569,-0.27354,1
15,0.084246,0.066077,0.061647,1
16,-0.10178,0.15022,-0.23473,0
17,0.063936,-0.17698,-0.084098,1
18,0.1254,0.12401,-0.03001,1
19,-0.27294,0.0027026,0.042057,0
20,-0.025671,0.15824,0.052504,1
21,-0.19095,-0.020894,-0.25418,0
22,0.12594,0.1214,-0.039928,1
23,0.0043218,0.13722,0.074508,1
24,0.11244,0.058488,-0.021649,1
25,0.13797,0.083528,-0.049281,0
26,-0.025895,0.15734,0.052267,1
27,-0.16439,0.12327,-0.16015,0
28,0.11705,0.072174,-0.058229,0
29,-0.090672,0.089259,-0.25815,0
30,0.0046296,-0.14754,-0.0083744,1
31,-0.19121,-0.012715,-0.24693,1
32,-0.022039,0.15619,0.050132,1
33,-0.017367,0.18401,0.039891,1
34,-0.02589,0.15734,0.052283,1
35,-0.024937,0.15628,0.04987,1
36,0.01069,-0.15262,-0.012714,1
37,0.13397,0.048692,-0.03968,1
38,0.12994,0.11103,-0.028486,1
39,-0.013044,-0.13872,0.0095455,1
40,-0.11977,0.15735,-0.24082,1
41,-0.029697,0.17366,0.034049,1
42,0.13668,0.096817,-0.086895,1
43,-0.28553,0.061277,0.044226,0
44,-0.26549,0.044997,-0.20163,0
45,-0.026491,0.15495,0.049816,1
46,-0.2812,0.065022,0.040668,0
47,0.007627,-0.15065,-0.006866,1
48,0.0013886,0.16105,0.041312,1
49,-0.019413,0.16847,0.035136,1
50,0.0031843,0.15646,0.055968,0
51,-0.031119,0.15505,0.058365,1
52,-0.015041,0.16875,0.035612,1
53,-0.096593,-0.20556,-0.040474,1
54,-0.025895,0.15734,0.052267,1
55,0.13797,0.083523,-0.04927,0
56,0.00012117,0.13617,0.073749,1
57,-0.2375,-0.0040031,0.069876,0
58,0.070179,-0.19057,-0.14401,1
59,-0.019476,-0.15022,-0.021223,1
60,-0.11093,0.14553,-0.23019,0
61,-0.018311,0.17159,0.033357,1
62,-0.086338,0.076693,-0.27412,0
63,0.0076411,-0.15165,-0.041415,1
64,-0.27996,0.025636,0.029439,0
65,0.10753,0.13887,-0.059997,1
66,-0.26265,0.07017,-0.18829,0
67,-0.016378,-0.13859,0.0089462,1
68,0.12634,0.11306,-0.030757,1
69,-0.13646,0.13051,-0.23655,0
70,0.12239,0.11613,-0.030099,0
71,0.005231,-0.1481,-0.014593,1
72,-0.02654,0.15436,0.055367,1
73,-0.025805,0.15036,0.052642,1
74,-0.012865,0.13135,0.071026,1
75,-0.096458,0.15043,-0.23701,0
76,0.00050004,-0.15244,-0.0086253,1
77,-0.27385,0.023139,0.071754,0
78,-0.11663,0.14604,-0.24183,1
79,0.082637,0.060028,0.076644,1
80,0.1184,0.109,-0.013877,0
81,-0.1048,0.10108,-0.25954,0
82,-0.022359,0.15364,0.050135,1
83,-0.0028823,-0.13865,0.011792,1
84,0.011963,-0.032728,-0.33081,0
85,-0.051875,0.13374,0.13419,1
86,0.10954,0.11008,-0.029768,1
87,-0.023796,0.16304,0.053247,1
88,0.015994,0.062016,0.11629,0
89,-0.020142,-0.15336,-0.021269,1
90,-0.026584,0.15234,0.049198,1
91,0.11431,0.1103,-0.034876,1
92,-0.2812,0.065019,0.040664,0
93,0.1146,0.12837,-0.048142,0
94,-0.27379,-0.0027526,0.035366,0
95,0.10591,-0.038743,-0.27003,0
96,0.016051,0.062017,0.1163,0
97,0.11704,0.072169,-0.058227,0
98,0.0031916,-0.14884,-0.011033,1
99,0.12612,0.11883,-0.035933,0
100,-0.22012,-0.036475,-0.15865,1
101,0.10992,0.13293,-0.043726,0
102,-0.18852,-0.023173,-0.25498,1
103,-0.0050952,-0.16228,-0.0018708,0
104,0.13392,0.098346,-0.023964,0
105,0.0033095,0.15025,0.064025,1
106,-0.024823,0.18314,0.035664,1
107,0.12241,0.12543,-0.035247,0
108,-0.017998,-0.13706,0.0088794,0
109,-0.0028959,-0.13865,0.011836,1
110,0.0037925,-0.15196,-0.011164,1
111,-0.025126,0.15634,0.050436,1
112,-0.096215,0.15117,-0.23823,0
113,-0.016575,0.18619,0.044288,1
114,-0.015077,0.16835,0.033528,0
115,-0.015819,-0.16104,-0.028909,1
116,-0.10509,0.13788,-0.25254,0
117,0.0068381,-0.1484,-0.01985,1
118,0.089842,0.07412,0.074649,1
119,-0.026078,0.18023,0.044354,1
120,-0.17949,-0.030287,-0.22564,0
121,-0.02492,-0.14052,0.016987,0
122,-0.086494,0.1565,-0.25035,1
123,-0.013044,-0.13872,0.0095456,1
124,0.1242,0.07576,-0.067457,0
125,-0.0028823,-0.13865,0.011792,1
126,-0.19096,-0.06651,-0.15839,0
127,-0.21769,-0.001689,-0.13662,0
128,-0.081889,0.14391,-0.25621,0
129,-0.027053,0.15744,0.059079,1
130,-0.10917,0.14099,-0.23772,0
131,0.11852,0.12828,-0.064478,1
132,0.0064438,-0.14585,-0.0095239,1
133,-0.083859,0.084076,-0.27618,1
134,-0.20711,-0.045037,-0.14935,0
135,0.0096207,-0.14272,-0.0094091,1
136,-0.0026319,-0.13842,0.015956,1
137,-0.23748,0.019868,-0.15101,0
138,-0.027564,0.1572,0.052001,1
139,0.00063732,-0.13816,0.010896,0
140,0.024621,-0.057405,-0.31235,0
141,0.13395,0.048699,-0.039666,0
142,0.1177,0.13122,-0.063526,0
143,0.12162,0.10936,-0.031826,1
144,0.13669,0.11734,-0.048302,1
145,0.13908,0.10238,-0.01323,0
146,0.11881,0.10578,-0.028586,0
147,-0.025528,0.18582,0.03948,1
148,0.009004,-0.14897,-0.0086964,0
149,-0.19097,-0.066498,-0.15837,0
150,-0.015001,0.16921,0.035594,1
151,-0.034723,0.17971,0.066826,1
152,-0.26779,-0.0028822,0.039611,0
153,-0.066383,0.031455,-0.27896,1
154,-0.020473,0.15224,0.046964,1
155,-0.0028823,-0.13865,0.011792,0
156,-0.0028959,-0.13865,0.011836,1
157,0.12778,0.044122,-0.033551,1
158,-0.17462,-0.075363,-0.19925,1
159,0.0098102,0.13591,0.059955,1
160,-0.10987,0.14804,-0.24001,0
161,0.13742,0.11928,-0.046416,1
162,-0.11408,0.15766,-0.26088,1
163,0.12,0.1155,-0.02849,1
164,-0.24108,0.022259,-0.13979,0
165,-0.079351,0.12659,-0.24481,1
166,0.12121,0.10764,-0.031571,0
167,-0.019776,0.24606,-0.034551,0
168,-0.013127,-0.15457,-0.028869,1
169,0.12141,-0.024855,-0.28112,0
170,0.007061,-0.1498,-0.010993,0
171,-0.1035,0.14333,-0.24196,1
172,-0.022034,0.15619,0.050154,1
173,-0.047643,-0.12488,-0.30866,1
174,-0.18749,-0.092486,-0.16895,0
175,-0.25121,-0.15376,-0.10043,1
176,-0.07596,0.1598,-0.24015,0
177,0.0017237,0.13063,0.077767,1
178,-0.26263,0.070166,-0.18832,0
179,-0.00052572,0.15428,0.077704,1
180,-0.023405,0.14996,0.04942,1
181,-0.018289,0.17879,0.037399,1
182,0.12413,0.10978,-0.035272,1
183,-0.020591,0.053151,0.13153,0
184,-0.091343,0.082998,-0.27082,1
185,-0.089789,0.083347,-0.26269,0
186,-0.051874,0.13374,0.13419,1
187,-0.051286,0.13251,0.13502,1
188,-0.023071,-0.15084,0.016318,1
189,0.14075,0.10113,-0.014046,1
190,0.0028912,-0.13935,0.0078296,0
191,-0.085184,0.14699,-0.24585,0
192,-0.12197,0.17503,-0.23583,1
193,-0.0064183,-0.11564,-0.31769,1
194,-0.018406,0.17589,0.037184,1
195,-0.011434,0.16657,0.03514,1
196,0.0071216,0.13717,0.068032,1
197,-0.019141,0.17122,0.032849,1
198,0.12236,0.11615,-0.030064,0
199,-0.048073,-0.068402,-0.31462,1
200,-0.021684,0.1506,0.046865,1
201,0.017362,-0.13821,-0.017423,1
202,-0.11088,0.14551,-0.23021,0
203,-0.016377,-0.13859,0.008999,1
204,-0.26909,0.020388,0.073142,0
205,-0.01869,0.14857,0.0466,1
206,-0.0028977,-0.13865,0.011822,0
207,-0.056562,-0.12392,-0.30706,1
208,0.11356,0.13639,-0.062223,1
209,-0.012073,-0.13947,0.0036142,1
210,-0.13467,0.12068,-0.23324,0
211,-0.031949,0.16052,0.050797,1
212,0.14864,0.10017,-0.014033,1
213,-0.0028805,-0.13865,0.011807,1
214,0.1239,0.11837,-0.034493,0
215,-0.0020373,-0.14478,0.017652,1
216,-0.02326,0.15115,0.052544,1
217,0.11843,0.10888,-0.013865,0
218,-0.23726,0.019245,-0.15106,0
219,-0.14149,0.12843,-0.24282,0
220,-0.23576,-0.0049492,0.070214,0
221,-0.027614,0.15577,0.051272,1
222,0.0049249,0.12888,0.064342,1
223,-0.07861,0.14476,-0.25714,0
224,0.11839,0.10933,-0.029217,1
225,0.1235,0.10498,-0.029941,1
226,-0.039411,0.10819,0.12675,1
227,-0.067686,0.093071,-0.27879,0
228,-0.034892,0.16217,0.052101,1
229,-0.014362,0.17725,0.037288,1
230,0.12121,0.10764,-0.031566,0
231,0.1296,0.045312,-0.046487,1
232,-0.27733,0.035248,0.029337,0
233,-0.020542,0.15539,0.050752,0
234,-0.096266,0.15118,-0.23821,0
235,0.11772,0.10968,-0.030226,1
236,0.12553,0.11633,-0.03393,1
237,-0.079632,-0.068264,-0.31571,0
238,0.12757,0.04703,-0.042755,0
239,-0.10972,0.15615,-0.23425,0
240,0.13138,0.1149,-0.047624,1
241,0.12803,0.11707,-0.048708,1
242,-0.024182,0.15769,0.053578,1
243,0.11705,0.072173,-0.058234,0
244,0.134,0.11686,-0.045767,0
245,-0.027534,0.1816,0.040819,1
246,-0.031885,0.18673,0.041243,1
247,-0.015046,0.16874,0.035537,1
248,-0.030082,0.14836,0.047653,1
249,-0.27454,0.0044484,0.034376,0
250,-0.023667,0.1556,0.04804,0
251,0.060717,-0.19472,-0.12999,1
252,-0.086809,0.086288,-0.26194,0
253,0.00089513,-0.13718,0.010121,0
254,-0.013365,0.17308,0.034023,1
255,0.12878,0.046723,-0.039836,0
256,-0.0028805,-0.13865,0.011807,1
257,-0.22909,0.004107,-0.20589,0
258,0.00014493,0.13447,0.069951,1
259,-0.13375,0.12067,-0.23313,0
260,-0.1197,0.14771,-0.24588,1
261,-0.10874,0.13506,-0.242,1
262,-0.074637,0.13767,-0.25683,0
263,0.10391,0.13285,-0.059767,0
264,-0.018324,0.17103,0.034872,1
265,0.091695,0.065831,0.067994,1
266,-0.24954,0.018379,-0.14107,0
267,0.11705,0.072173,-0.058234,0
268,-0.090971,0.15189,-0.24662,0
269,0.061099,-0.20572,-0.12318,1
270,-0.26566,0.0026616,0.036385,0
271,-0.27651,0.012858,0.032856,0
272,0.016193,-0.1366,-0.014334,1
273,-0.16634,-0.033528,-0.26003,0
274,0.12463,0.10598,-0.033876,1
275,0.00044968,0.14969,0.053159,1
276,-0.025018,0.15219,0.050315,1
277,0.087849,-0.10409,-0.26746,0
278,-0.20687,-0.040086,-0.15772,1
279,0.081731,0.065599,0.059511,1
280,0.13827,0.1055,-0.011547,0
281,-0.11186,0.16457,-0.24029,0
282,-0.13763,0.12403,-0.23484,1
283,0.11704,0.072173,-0.058224,0
284,0.10751,0.13897,-0.059947,1
285,-0.0028805,-0.13865,0.011807,0
286,-0.027735,0.1572,0.045266,1
287,-0.075956,0.15972,-0.24018,0
288,0.12121,0.10764,-0.031566,1
289,0.11637,0.18981,-0.061463,0
290,0.10954,0.1101,-0.029763,1
291,-0.0028805,-0.13865,0.011807,1
292,-0.090672,0.089259,-0.25815,0
293,-0.020473,0.15224,0.046964,1
294,-0.17434,-0.065797,-0.20453,0
295,0.010839,0.14156,0.067663,1
296,-0.015334,0.17425,0.037411,1
297,-0.089719,0.13544,-0.24116,0
298,-0.014018,-0.13882,0.0065943,1
299,0.0016495,-0.15592,-0.015291,0
300,-0.26131,0.047207,-0.19601,0
301,-0.020698,0.14744,0.050172,1
302,-0.012809,-0.14928,-0.027461,0
303,-0.26917,0.020642,0.073133,0
304,-0.25803,0.0032399,0.060606,0
305,-0.053473,-0.12442,-0.30532,1
306,-0.084645,0.084462,-0.26656,0
307,-0.070402,0.13495,-0.25827,1
308,-0.13755,0.12002,-0.23396,1
309,-0.25864,0.044324,-0.19975,0
310,-0.029917,-0.14907,-0.016198,0
311,0.12641,0.12234,-0.023156,1
312,0.0051317,-0.15222,-0.010243,1
313,0.13022,0.047678,-0.037949,1
314,-0.024454,0.16443,0.060962,1
315,-0.02129,0.17308,0.032537,1
316,0.10833,0.12744,-0.045266,1
317,-0.023538,0.15452,0.050917,1
318,0.0025775,-0.13903,0.010229,0
319,-0.27023,-0.0014331,0.035411,0
320,-0.019107,-0.14674,0.018201,0
321,-0.13467,0.12067,-0.23324,0
322,0.12866,0.1191,-0.033691,1
323,0.11984,0.091466,-0.072316,0
324,-0.13645,0.12155,-0.23737,1
325,0.1148,-0.15635,-0.13895,1
326,-0.094081,0.12414,-0.26014,0
327,0.0025853,-0.13904,0.010285,1
328,-0.00057188,-0.15105,-0.041604,0
329,-0.26988,0.034018,0.080088,0
330,0.11948,0.13025,-0.06475,0
331,0.0082155,0.13985,0.075563,1
332,-0.21689,-0.039487,-0.16027,1
333,-0.0028805,-0.13865,0.011807,0
334,-0.2812,0.065022,0.040668,0
335,-0.029122,0.15841,0.058635,1
336,-0.12164,0.13237,-0.24798,1
337,-0.090504,0.085041,-0.25987,0
338,-0.025576,0.16039,0.055059,1
339,-0.07976,0.13848,-0.26001,0
340,-0.027475,0.18328,0.040952,1
341,0.13395,0.048699,-0.039666,0
342,-0.0028977,-0.13865,0.011822,0
343,-0.022789,0.15886,0.055891,1
344,0.12417,0.075768,-0.067462,0
345,0.012473,-0.14835,-0.04154,1
346,0.014332,-0.13604,-0.012867,1
347,-0.16236,0.11621,-0.16266,0
348,-0.029534,0.048016,0.12412,0
349,0.14099,0.041512,-0.036675,1
350,0.048592,-0.12795,-0.077487,0
351,0.11606,0.18954,-0.062624,0
352,-0.021383,0.17439,0.02914,1
353,-0.12824,0.12029,-0.23516,0
354,-0.23796,0.01168,-0.15066,0
355,0.11554,0.095585,-0.079323,0
356,0.11031,0.062835,-0.021922,1
357,-0.047656,-0.12488,-0.30866,1
358,-0.0073959,-0.15613,-0.035854,1
359,0.077755,0.060821,0.066532,0
360,-0.01252,0.17868,0.041213,1
361,0.0074579,-0.15228,-0.0087279,1
362,0.14073,0.10115,-0.014032,0
363,-0.0034075,0.23233,-0.034886,0
364,0.13797,0.052319,-0.042082,1
365,-0.18515,-0.023137,-0.21543,0
366,-0.014134,-0.14485,-0.026914,1
367,-0.012859,0.1809,0.04398,1
368,-0.019362,-0.14145,0.0025121,1
369,-0.024842,-0.14773,-0.016939,1
370,0.087272,0.06577,0.063392,1
371,0.048614,-0.12796,-0.07749,0
372,0.10633,0.054692,-0.023893,1
373,-0.0274,0.15755,0.052634,1
374,0.10587,-0.03887,-0.26998,0
375,0.0031629,0.13078,0.067226,1
376,0.0068381,-0.1484,-0.01985,1
377,-0.26891,-0.0015072,0.040796,0
378,-0.2281,0.01107,-0.13912,0
379,-0.0028977,-0.13865,0.011822,1
380,-0.0095211,-0.18157,-0.05595,1
381,-0.092741,0.08483,-0.25943,0
382,0.11004,0.11413,-0.035688,0
383,-0.1953,-0.092422,-0.16757,0
384,0.001079,0.13034,0.068136,1
385,0.018219,-0.19495,-0.12746,1
386,-0.13366,0.15605,-0.22736,0
387,0.14075,0.10113,-0.014046,1
388,-0.16219,0.10119,-0.16736,0
389,0.15538,0.055797,-0.079029,1
390,0.0087373,-0.14841,-0.0080447,1
391,-0.0021615,-0.14169,0.014713,1
392,-0.027439,0.15975,0.054772,1
393,-0.054041,-0.12622,-0.30645,1
394,-0.084328,0.090793,-0.26702,1
395,-0.01558,0.17646,0.041362,1
396,-0.029012,0.15431,0.056194,1
397,-0.11158,0.15093,-0.23808,0
398,-0.042071,0.17857,0.066744,0
399,-0.029116,0.15841,0.058635,1
400,-0.030627,0.15777,0.046456,1
401,-0.0093206,0.24583,-0.039679,0
402,0.038782,-0.13829,0.0023986,1
403,-0.0028977,-0.13865,0.011822,1
404,-0.26882,0.00058469,0.028657,0
405,0.19845,-0.00174,-0.11471,1
406,0.020836,-0.031407,-0.32478,0
407,0.12586,0.11226,-0.023045,1
408,0.1237,0.11891,-0.029356,1
409,-0.086687,0.086106,-0.2645,1
410,0.012094,0.15883,0.066472,1
411,-0.2678,-0.0028642,0.039571,0
412,0.12239,0.11613,-0.030102,0
413,-0.26764,0.030787,0.057414,0
414,-0.024416,0.17312,0.031876,1
415,-0.18846,-0.023212,-0.25501,1
416,0.090912,0.052532,0.065641,1
417,-0.25268,0.031752,-0.20627,0
418,-0.2812,0.06503,0.040667,0
419,0.0014899,0.14387,0.057174,1
420,-0.25011,0.0058267,0.095241,0
421,0.10832,0.12745,-0.045264,1
422,-0.016198,0.17647,0.039847,1
423,-0.018821,0.16705,0.034764,1
424,0.12599,0.11381,-0.034566,1
425,-0.021586,0.15729,0.047533,0
426,-0.077628,0.092227,-0.2686,1
427,0.1187,0.11172,-0.035958,0
428,0.11282,0.11094,-0.026141,1
429,0.12242,0.12543,-0.035252,1
430,0.0078004,-0.152,-0.021675,1
431,0.1457,0.10149,-0.012268,1
432,-0.012911,-0.15215,-0.026705,0
433,0.1161,0.13911,-0.044851,1
434,0.082793,0.060245,0.062604,1
435,0.0059195,0.13517,0.072849,1
436,-0.11272,0.15142,-0.23162,0
437,-0.089733,0.13543,-0.24116,0
438,-0.017903,-0.1534,-0.024704,1
439,0.015775,-0.14543,0.017929,0
440,0.13584,0.10292,-0.025069,0
441,0.11556,0.18826,-0.066368,0
442,0.0098144,0.13591,0.059951,1
443,0.10814,0.12981,-0.049225,1
444,-0.084956,0.085496,-0.26791,1
445,-0.19312,-0.1005,-0.18204,1
446,0.08313,0.070284,0.067696,1
447,0.085288,0.055359,0.067728,1
448,0.12907,0.045569,-0.049256,1
449,-0.01946,0.175,0.034164,1
450,0.14118,0.051942,-0.042349,1
451,0.0024585,0.14352,0.056927,1
452,-0.00032399,-0.15461,-0.0074984,1
453,-0.016377,-0.13859,0.008999,1
454,-0.021809,-0.1559,-0.02047,1
455,-0.011364,0.17881,0.039533,1
456,-0.016378,-0.13859,0.0089135,1
457,0.11769,0.13124,-0.06351,0
458,0.00086997,-0.13731,0.008266,0
459,0.12646,0.11624,-0.031716,1
460,-0.071716,-0.12134,0.019338,0
461,0.134,0.11686,-0.045769,0
462,-0.077814,0.14108,-0.25723,1
463,-0.26178,0.043977,-0.20064,0
464,0.13398,0.11688,-0.045754,0
465,-0.010191,0.1762,0.036896,1
466,0.13151,0.1156,-0.047217,1
467,-0.035862,0.15843,0.047573,1
468,-0.013963,0.18027,0.042383,1
469,0.0075152,-0.15372,-0.008019,0
470,-0.024996,0.15601,0.055706,1
471,-0.02054,0.053207,0.13159,0
472,0.088335,0.06256,0.071965,1
473,-0.19097,-0.066498,-0.15837,0
474,0.036304,-0.058395,-0.30824,0
475,-0.082464,0.14405,-0.25539,0
476,-0.025131,0.15634,0.050421,1
477,-0.22809,0.011066,-0.13912,0
478,-0.0028827,-0.13865,0.011791,1
479,-0.05129,-0.075513,-0.30884,0
480,-0.25704,-0.010737,0.06249,0
481,-0.066527,0.031397,-0.27892,1
482,-0.018734,0.17795,0.042513,1
483,-0.26916,0.020615,0.073117,0
484,0.12928,0.049573,-0.041824,1
485,-0.10591,0.094532,-0.25682,0
486,-0.18247,-0.097408,-0.18603,0
487,0.0063727,0.13244,0.062304,1
488,0.031588,-0.015075,-0.32914,0
489,0.11887,0.1209,-0.028489,1
490,-0.0028827,-0.13865,0.011791,1
491,-0.089789,0.083347,-0.26269,0
492,0.1448,0.10288,-0.013729,1
493,0.1226,0.12081,-0.032447,1
494,-0.0028956,-0.13865,0.011837,1
495,-0.02589,0.15734,0.052284,1
496,0.14075,0.10113,-0.014051,0
497,0.081731,0.065599,0.059511,1
498,-0.00085102,-0.15837,-0.033244,1
499,-0.30442,0.11023,-0.087545,0
500,0.11662,0.10031,-0.077271,0
501,0.1163,0.18975,-0.061728,0
502,-0.0028827,-0.13865,0.011791,0
503,-0.25804,0.0032942,0.060608,0
504,0.0070969,-0.15048,-0.011083,1
505,-0.27753,0.018531,0.03666,0
506,-0.2812,0.065011,0.040666,0
507,-0.27443,0.030577,0.040728,0
508,0.13261,0.085068,-0.05907,0
509,-0.082528,0.091389,-0.26346,1
510,-0.082813,0.086328,-0.27069,1
511,0.1321,0.11724,-0.054868,1
512,-0.068621,0.092262,-0.27451,0
513,-0.20365,-0.034376,-0.15169,0
514,-0.021758,-0.15122,0.032904,1
515,-0.21244,-0.027448,-0.15047,0
516,0.0049161,-0.14932,-0.010171,1
517,-0.094389,0.13846,-0.27314,1
518,0.12441,0.11995,-0.029335,1
519,-0.30352,0.11449,-0.086848,0
520,-0.27655,0.012802,0.033347,0
521,-0.024937,0.15628,0.04987,1
522,0.076322,-0.18876,-0.12042,1
523,-0.02204,0.15619,0.050131,1
524,-0.23525,-0.0082073,-0.14753,0
525,-0.0028857,-0.13865,0.011805,1
526,-0.016526,0.15525,0.052902,1
527,0.030453,-0.056981,-0.31344,0
528,0.087686,-0.10423,-0.26747,0
529,-0.13175,0.12279,-0.23327,0
530,-0.26222,0.06816,-0.1894,0
531,-0.25243,0.0077871,0.097097,0
532,0.025865,-0.057187,-0.31479,0
533,-0.0098513,0.16375,0.035081,1
534,0.11703,0.072181,-0.058217,0
535,-0.12699,0.29038,0.0075518,1
536,0.13264,0.084971,-0.058877,0
537,-0.25808,0.0034071,0.060609,0
538,-0.076951,0.088774,-0.26561,1
539,0.12184,0.11443,-0.037564,0
540,-0.045416,-0.12463,-0.31211,1
541,0.11459,0.12837,-0.048137,1
542,0.0061168,-0.1432,0.011835,1
543,-0.0025981,-0.13842,0.015973,1
544,-0.020541,0.15539,0.050753,0
545,0.12544,0.10899,-0.030866,0
546,-0.099416,0.052157,-0.26867,1
547,-0.025759,0.16068,0.055688,1
548,0.083939,0.069123,0.066,1
549,-0.084418,0.14025,-0.25083,0
550,0.011376,-0.14786,-0.01747,0
551,-0.074896,0.089705,-0.27484,0
552,0.13992,0.095965,-0.023356,0
553,0.11607,0.11679,-0.029651,0
554,-0.1177,0.15111,-0.23294,0
555,-0.0024764,-0.17098,0.028162,1
556,0.064822,-0.18894,-0.14122,1
557,-0.079364,0.087893,-0.27239,1
558,0.014604,-0.15543,-0.0067749,1
559,-0.10987,0.14804,-0.24001,0
560,0.015516,-0.065962,-0.31069,0
561,0.11611,0.11677,-0.029714,0
562,-0.13476,0.15981,-0.23237,1
563,-0.074637,0.13767,-0.25683,0
564,-0.018302,0.17159,0.033355,0
565,0.12994,0.11824,-0.03195,1
566,0.0066613,-0.13826,0.0082158,1
567,-0.0028916,-0.13866,0.011833,0
568,0.0040106,0.13208,0.064468,1
569,0.030449,-0.056994,-0.31343,0
570,-0.02407,0.17122,0.031332,1
571,0.12121,0.10764,-0.031566,0
572,-0.029134,0.15842,0.058618,1
573,-0.14596,0.13278,-0.23115,0
574,0.13019,0.12564,-0.027336,0
575,0.015572,-0.15162,-0.017455,1
576,-0.079727,-0.068308,-0.31567,0
577,0.0047663,-0.1401,0.0089648,0
578,-0.010916,0.13683,0.062215,0
579,-0.0028916,-0.13866,0.011833,1
580,-0.18544,-0.022556,-0.25323,0
581,-0.082804,0.12827,-0.25571,0
582,0.12183,0.11634,-0.029632,0
583,-0.2689,-0.0015309,0.040848,0
584,0.0015348,0.14759,0.070042,1
585,0.10882,0.13242,-0.050811,1
586,-0.26345,0.055064,-0.19166,0
587,0.074957,-0.18929,-0.12082,1
588,0.12734,0.11422,-0.046337,1
589,-0.070819,0.084857,-0.2727,1
590,0.13134,0.047949,-0.040135,0
591,-0.2699,0.034049,0.080079,0
592,-0.21768,-0.0016893,-0.13662,0
593,-0.17663,-0.033247,-0.22908,0
594,0.0019968,-0.14284,0.0020181,1
595,0.0049853,0.13911,0.079009,1
596,0.013449,-0.13371,-0.013022,1
597,-0.27655,0.0128,0.033329,0
598,-0.083568,0.1481,-0.25516,0
599,0.12613,0.11882,-0.03594,1
600,-0.18545,-0.022548,-0.25323,0
601,0.029082,0.071246,0.11074,1
602,0.1261,0.11885,-0.035914,1
603,-0.021593,0.15729,0.047535,0
604,-0.026457,0.1552,0.054547,1
605,-0.078313,0.089859,-0.27879,1
606,-0.075348,0.086055,-0.27139,1
607,0.0086095,-0.15299,-0.010832,1
608,-0.16054,0.15833,-0.2006,0
609,-0.034818,0.15566,0.04693,1
610,-0.23691,-0.006003,0.072974,0
611,-0.0017499,-0.14437,-0.011858,0
612,-0.021127,0.17596,0.034063,1
613,-0.19428,-0.069141,-0.20581,0
614,-0.082455,0.14401,-0.25541,0
615,0.12239,0.11613,-0.030098,1
616,-0.0028916,-0.13866,0.011833,1
617,-0.019817,0.1733,0.038773,1
618,0.1214,0.10686,-0.029585,0
619,-0.029771,0.16434,0.057931,1
620,-0.27641,0.058536,0.050676,0
621,-0.0028916,-0.13866,0.011833,1
622,-0.23055,-0.0071099,0.071864,0
623,0.14002,0.10218,-0.0091599,1
624,-0.071202,0.15672,-0.25601,0
625,0.11454,0.0562,-0.019073,1
626,0.040076,-0.050093,-0.31131,1
627,-0.012958,0.1641,0.045007,1
628,-0.26891,-0.0015138,0.040809,0
629,-0.0028916,-0.13866,0.011833,1
630,-0.031099,0.15896,0.051301,1
631,0.011336,-0.14784,-0.017461,0
632,-0.045085,0.1094,0.12289,1
633,0.0049483,-0.1522,-0.01019,1
634,-0.051532,0.13635,0.13361,1
635,-0.025895,0.15734,0.052275,1
636,0.13179,0.12237,-0.044438,1
637,-0.019348,0.18142,0.033858,1
638,0.073939,-0.18383,-0.13651,1
639,-0.016246,0.2316,-0.044258,0
640,-0.031808,0.1516,0.061786,1
641,-0.019752,0.15758,0.055441,1
642,-0.027191,0.15738,0.052226,1
643,0.12068,0.12668,-0.036695,1
644,-0.2452,0.022405,-0.14023,0
645,0.11587,-0.15762,-0.13486,1
646,-0.075067,0.085962,-0.27088,1
647,-0.018561,0.15203,0.050858,1
648,0.12441,0.11575,-0.029594,1
649,0.11278,0.057618,-0.020557,1
650,-0.027073,-0.15182,-0.016503,0
651,-0.26891,-0.0015138,0.040809,0
652,-0.026994,0.23207,-0.040949,0
653,-0.25809,0.0034371,0.060611,0
654,0.012332,-0.041045,-0.32541,0
655,-0.020842,-0.15424,-0.019236,1
656,-0.27891,0.056038,0.05481,0
657,0.0092295,0.15761,0.058599,0
658,-0.24108,0.022257,-0.13978,0
659,-0.0028916,-0.13866,0.011833,1
660,0.0087072,0.14043,0.072341,1
661,0.118,0.11377,-0.033385,1
662,-0.13467,0.12068,-0.23324,0
663,-0.092741,0.08483,-0.25943,0
664,-0.26771,0.030967,0.057381,0
665,-0.016378,-0.1386,0.0089662,1
666,-0.047635,-0.12487,-0.30869,1
667,0.14028,0.1043,-0.014461,1
668,-0.0028867,-0.13865,0.011796,1
669,-0.019641,0.12684,0.085628,1
670,0.011384,-0.14786,-0.017479,0
671,0.024625,-0.057401,-0.31236,0
672,-0.096291,0.15118,-0.2382,0
673,0.0078691,-0.15335,-0.0084782,1
674,0.00021204,-0.16158,-0.02863,1
675,-0.27762,0.011529,0.030328,0
676,0.087712,0.059896,0.062991,1
677,0.0055632,-0.14973,-0.0099178,1
678,0.016893,-0.15427,-0.03424,1
679,-0.2578,0.002585,0.060595,0
680,0.13159,0.11588,-0.047116,1
681,-0.0028916,-0.13866,0.011833,0
682,-0.096269,0.1512,-0.2382,0
683,-0.26918,0.020666,0.07312,0
684,-0.026998,0.15631,0.051237,1
685,-0.059468,0.11208,-0.28157,0
686,-0.26265,-0.0030821,0.042275,0
687,-0.015927,0.16824,0.035769,1
688,-0.0028916,-0.13866,0.011833,0
689,-0.02842,0.14913,0.053295,1
690,0.088834,0.061485,0.066836,1
691,0,0,0,1
692,0.03045,-0.056997,-0.31343,0
693,0.12242,0.12542,-0.035256,0
694,0.11695,0.11223,-0.036676,0
695,-0.0077279,0.1344,0.053429,1
696,-0.13467,0.12067,-0.23324,0
697,-0.066512,0.031401,-0.27893,1
698,-0.27161,0.0195,0.075195,0
699,0.0029616,0.13429,0.070108,1
700,-0.027197,0.15738,0.052225,1
701,-0.034171,0.16666,0.052407,1
702,-0.080632,0.087991,-0.27416,1
703,0.022058,0.19976,-0.010771,1
704,0.0058486,0.13841,0.070224,1
705,-0.1795,-0.070406,-0.19815,0
706,-0.051292,0.13252,0.13502,1
707,-0.025895,0.15734,0.052275,1
708,-0.086809,0.086288,-0.26194,0
709,-0.18614,-0.019637,-0.25048,0
710,-0.016058,0.17431,0.038601,1
711,-0.015858,0.17207,0.037679,1
712,0.14987,0.085525,-0.011919,1
713,0.0068128,-0.1484,-0.019844,1
714,0.12237,0.11615,-0.030077,0
715,-0.017431,-0.14434,0.013024,1
716,-0.019932,0.16713,0.056277,1
717,-0.008051,0.13832,0.066667,0
718,-0.025132,0.15634,0.050429,1
719,0.12145,0.12592,-0.034903,1
720,-0.18781,-0.030973,-0.26049,0
721,-0.027613,0.15577,0.051265,1
722,0.12774,0.11534,-0.05422,1
723,0.010552,0.14424,0.073109,1
724,-0.21908,-0.033873,-0.15964,0
725,-0.20806,-0.036947,0.092014,1
726,-0.089789,0.083347,-0.26269,0
727,-0.11177,0.14916,-0.24155,1
728,0.086593,0.058508,0.069196,1
729,-0.020132,0.16751,0.035194,0
730,0.0043993,0.1406,0.062594,1
731,-0.093859,0.076861,-0.26621,0
732,-0.015,0.18122,0.035124,1
733,0.092366,0.064386,0.06648,1
734,0.064873,-0.19065,-0.14487,1
735,-0.0033237,-0.14204,-0.0025508,1
736,0.12238,0.11613,-0.03009,0
737,-0.25876,0.033018,-0.20592,0
738,0.11857,0.072059,-0.064348,0
739,-0.27012,-0.0038267,0.036798,0
740,-0.038331,0.1042,0.12236,1
741,-0.011455,0.17839,0.045778,1
742,-0.019146,0.1792,0.034198,1
743,-0.11225,0.15991,-0.2681,1
744,-0.04549,-0.12291,-0.3099,1
745,0.0015051,0.14673,0.055118,1
746,0.1211,0.090926,-0.068751,1
747,0.085552,0.060762,0.064728,1
748,-0.23516,-0.15726,-0.11562,0
749,-0.082785,0.08801,-0.2649,1
750,-0.019206,-0.15026,-0.021427,1
751,-0.2698,0.033787,0.080134,0
752,0.11945,0.10694,-0.02865,1
753,0.12242,0.12542,-0.035259,1
754,-0.10159,0.13841,-0.2511,1
755,-0.11441,0.14486,-0.24135,0
756,-0.1936,-0.061326,-0.15224,0
757,-0.02001,0.15413,0.050036,0
758,-0.18748,-0.092487,-0.16895,0
759,-0.096203,0.16348,-0.23448,1
760,-0.18765,-0.092699,-0.17053,0
761,0.13394,0.098326,-0.023992,0
762,0.1214,0.11757,-0.027314,1
763,-0.27507,-0.0078983,0.043525,0
764,-0.022132,-0.16056,-0.018057,1
765,-0.0028885,-0.13865,0.011819,1
766,-0.093674,0.080506,-0.27326,1
767,-0.18252,-0.096505,-0.16964,0
768,-0.21147,-0.047736,-0.14958,0
769,-0.022188,0.18453,0.040359,1
770,-0.11383,0.13703,-0.25776,0
771,0.0091762,0.14703,0.066318,1
772,0.0074819,-0.15372,-0.0080089,1
773,-0.27197,0.020537,0.075053,0
774,0.0011361,0.14936,0.060199,1
775,0.077945,-0.18222,-0.12941,1
776,-0.19096,-0.0665,-0.15838,0
777,-0.02587,0.16502,0.054671,1
778,0.11973,0.11179,-0.030842,1
779,-0.0028885,-0.13865,0.011819,1
780,-0.27913,0.061491,0.053548,0
781,0.1146,0.061471,-0.019279,1
782,-0.21082,-0.034231,-0.15473,0
783,0.094167,0.076003,0.082375,1
784,-0.018109,0.17146,0.033015,1
785,-0.024614,0.15534,0.047601,1
786,-0.096589,0.15047,-0.23695,0
787,0.084057,0.065697,0.063344,1
788,0.11692,0.11227,-0.036635,0
789,-0.020546,0.15539,0.050744,0
790,0.0027118,-0.14412,-0.010062,0
791,-0.20842,-0.037853,-0.15738,1
792,-0.27689,0.0088734,0.03396,0
793,0.10744,0.12416,-0.043107,1
794,0.10682,-0.042168,-0.26622,0
795,-0.010786,0.17744,0.040292,1
796,-0.079724,-0.068297,-0.31568,0
797,0.02461,-0.057414,-0.31235,0
798,-0.085307,0.083711,-0.265,1
799,-0.019967,0.17565,0.036492,1
800,-0.15087,-0.073439,-0.20375,0
801,-0.078537,0.1314,-0.24995,0
802,-0.075363,0.15347,-0.25786,1
803,-0.051915,0.13376,0.13417,1
804,-0.017672,-0.15538,-0.014185,0
805,-0.0028897,-0.13865,0.01181,1
806,-0.020108,0.1711,0.034086,1
807,0.12421,0.075753,-0.067463,0
808,-0.16075,-0.070778,-0.19421,0
809,-0.15115,-0.079753,-0.19626,0
810,-0.042044,0.1786,0.066744,0
811,-0.0028897,-0.13865,0.01181,1
812,-0.084161,0.085183,-0.26436,1
813,-0.024815,0.16046,0.059378,1
814,0.11695,0.11224,-0.036669,0
815,-0.013306,-0.15217,-0.026447,0
816,-0.018179,0.17383,0.032744,1
817,-0.26904,0.020279,0.07317,0
818,-0.01991,-0.1534,-0.021446,1
819,0.087769,0.064203,0.069162,1
820,-0.015062,0.16836,0.033601,1
821,-0.2812,0.06503,0.040667,0
822,-0.10509,0.13788,-0.25254,0
823,0.1485,0.045818,-0.050081,1
824,0.12417,0.075773,-0.067458,0
825,0.046285,0.1309,0.065446,1
826,-0.031827,0.16346,0.061841,1
827,-0.27656,0.012799,0.033329,0
828,-0.0046386,0.16098,0.054804,1
829,-0.023777,0.15128,0.050011,1
830,0.14073,0.10115,-0.014026,0
831,-0.18548,-0.02253,-0.25321,1
832,-0.017426,0.17889,0.037259,1
833,0.042775,-0.042167,-0.313,1
834,-0.021594,0.15729,0.047526,0
835,0.0083278,-0.15333,-0.0089181,1
836,-0.071322,0.14519,-0.25765,0
837,0.0049457,-0.1522,-0.010187,1
838,-0.027394,0.15754,0.052643,1
839,-0.018681,0.15613,0.051827,1
840,0.012126,-0.13774,-0.00022379,1
841,-0.022033,0.15619,0.050143,1
842,-0.17909,0.13017,-0.15838,0
843,-0.029908,0.15912,0.049362,1
844,-0.087726,0.13359,-0.23591,0
845,-0.08063,0.087991,-0.27416,0
846,-0.21557,-0.045714,-0.15437,0
847,0.12514,0.11034,-0.038383,0
848,0.13126,0.099071,-0.025703,1
849,-0.27709,0.042203,0.054449,0
850,-0.023916,0.15407,0.061379,1
851,-0.093847,0.086756,-0.25872,0
852,0.12774,0.1153,-0.054228,1
853,-0.13482,0.12055,-0.23357,1
854,-0.10591,0.094532,-0.25682,0
855,0.035847,-0.077346,-0.31164,0
856,0.057229,-0.19478,-0.13501,1
857,-0.042574,0.11778,-0.28268,0
858,0.010865,-0.15173,-0.0063082,1
859,-0.23567,-0.013251,0.070386,0
860,-0.0028897,-0.13865,0.01181,1
861,0.037222,-0.13642,0.0080921,1
862,-0.23066,-0.014929,-0.14285,0
863,-0.092091,0.12762,-0.25369,0
864,-0.10247,0.10193,-0.26497,0
865,0.032693,0.069353,0.10992,1
866,-0.0028897,-0.13865,0.01181,1
867,-0.27655,0.012803,0.033346,0
868,-0.081181,0.1473,-0.25896,0
869,-0.0028885,-0.13865,0.011819,0
870,-0.2812,0.065019,0.040664,0
871,0.060881,-0.14132,-0.18137,1
872,-0.26905,0.020306,0.073167,0
873,0.017787,-0.035173,-0.32914,0
874,0.14075,0.10113,-0.014052,1
875,0.13363,0.050868,-0.042707,0
876,-0.02649,0.15495,0.04981,1
877,-0.27921,0.052865,0.063984,1
878,0.0019582,-0.14284,0.0020169,1
879,-0.24028,0.022521,-0.14023,0
880,-0.0028885,-0.13865,0.011819,1
881,-0.23097,0.025887,-0.14053,0
882,-0.2654,-0.0015818,0.04222,0
883,0.11021,0.12886,-0.053146,1
884,0.020842,-0.031398,-0.32478,0
885,0.134,0.11686,-0.045768,1
886,-0.11089,0.14551,-0.23021,0
887,-0.10509,0.13788,-0.25254,0
888,-0.017746,0.17612,0.033629,1
889,-0.014589,-0.14066,0.01298,1
890,-0.0080834,0.23795,-0.041091,0
891,0.0068127,-0.1484,-0.019844,1
892,-0.2812,0.065022,0.040669,0
893,0.0068127,-0.1484,-0.019844,0
894,0.0064852,-0.15262,-0.0083372,1
895,-0.21895,-0.04161,-0.16132,1
896,-0.0028897,-0.13865,0.01181,1
897,0.13667,0.10201,-0.018123,1
898,0.12305,0.11342,-0.030102,0
899,-0.13756,0.12394,-0.2289,0
900,-0.13375,0.12067,-0.23313,0
901,-0.023243,0.15116,0.052553,1
902,-0.27542,0.0026108,0.034508,0
903,0.087195,0.050604,0.064905,1
904,-0.26847,0.036247,0.075107,0
905,0.025459,0.091962,0.092144,1
906,0.0064975,0.13804,0.069762,1
907,-0.2812,0.065019,0.040664,0
908,0.13399,0.12401,-0.037019,0
909,0.11706,0.072168,-0.058237,0
910,-0.022375,0.15364,0.050126,1
911,0.15511,0.12569,-0.04258,1
912,0.032195,-0.14802,-0.024963,1
913,-0.051239,0.13606,0.13732,1
914,6.0408E-05,0.12745,0.06473,1
915,-0.013948,0.17375,0.038339,1
916,-0.24914,-0.013291,0.059384,0
917,0.0064854,-0.14095,0.0084785,1
918,-0.053463,-0.12681,-0.30729,1
919,0.12418,0.075766,-0.067449,0
920,0.1403,0.10429,-0.014476,1
921,-0.026502,0.15495,0.04981,1
922,-0.0028885,-0.13865,0.011819,0
923,-0.029021,-0.15189,-0.014132,1
924,-0.0632,0.13247,0.13203,1
925,0.1418,0.051527,-0.040545,1
926,-0.17309,-0.079188,-0.20181,1
927,-0.021332,0.17605,0.035897,1
928,0.11928,0.12457,-0.031958,0
929,-0.15577,0.14609,-0.16029,0
930,-0.01881,0.16705,0.034756,1
931,0.146,0.047145,-0.058386,0
932,-0.024513,0.17557,0.063104,1
933,-0.22809,0.011049,-0.13913,0
934,0.13182,0.046003,-0.044068,1
935,0.15137,0.10054,-0.018615,1
936,0.14482,0.10291,-0.013798,1
937,-0.26522,-0.0054317,0.044825,0
938,-0.025257,0.15254,0.061261,1
939,0.12591,0.13193,-0.031034,1
940,0.011851,-0.13802,0.012181,1
941,-0.24031,0.022677,-0.1402,0
942,-0.26653,0.014751,0.054465,0
943,0.02432,-0.027933,-0.32936,0
944,0.13797,0.083507,-0.049224,0
945,-0.1204,0.13643,-0.24856,1
946,-0.28533,0.059237,0.0097392,0
947,-0.099192,0.12477,-0.23672,0
948,0.11197,0.1322,-0.046674,1
949,-0.089738,0.13542,-0.24116,0
950,-0.030159,0.15421,0.046799,1
951,-0.24441,0.011606,0.07264,0
952,-0.26492,0.0050016,0.041598,0
953,-0.029132,0.15841,0.058626,1
954,-0.22115,-0.0027985,-0.13602,0
955,-0.013129,-0.15214,-0.026557,0
956,-0.023243,0.15116,0.052553,1
957,0.013663,-0.15514,-0.018227,0
958,-0.10509,0.13788,-0.25254,0
959,-0.079687,-0.068293,-0.31568,0
960,-0.27656,0.012814,0.033347,0
961,-0.0439,0.11515,-0.27938,0
962,0.10833,0.12744,-0.045262,1
963,0.098624,0.098161,-0.026629,1
964,0.0090735,-0.15705,-0.006045,0
965,0.082125,0.061449,0.063988,1
966,-0.027426,0.15974,0.05478,1
967,-0.018976,-0.16128,-0.025088,1
968,0.084045,0.065292,0.062392,1
969,-0.079826,-0.069795,-0.31938,0
970,-0.01497,-0.15573,-0.029421,1
971,-0.21847,-0.044344,-0.15796,1
972,-0.037228,0.17125,0.059785,1
973,0.076651,-0.18341,-0.11949,1
974,-0.086292,0.13281,-0.23998,0
975,0.12121,0.10764,-0.031567,1
976,-0.043245,-0.040796,-0.32917,0
977,0.030389,-0.057133,-0.31335,0
978,-0.2812,0.065011,0.040665,0
979,-0.018975,0.15381,0.048133,1
980,-0.074605,0.14314,-0.25705,1
981,0.10787,0.12594,-0.046497,1
982,0.013125,-0.1561,-0.038034,1
983,-0.26131,0.04722,-0.19602,0
984,-0.014223,-0.14169,0.010466,1
985,0.094073,0.066761,0.060854,1
986,-0.0043063,0.14002,0.051368,0
987,-0.2812,0.06503,0.040668,0
988,-0.01369,-0.15341,-0.024553,0
989,-0.10987,0.14804,-0.24001,0
990,-0.0080391,-0.15214,-0.035699,1
991,-0.10434,0.15204,-0.23403,0
992,0.021096,-0.14513,-0.026569,1
993,-0.0028916,-0.13866,0.011833,1
994,-0.0078583,-0.14444,0.019898,1
995,-0.015389,0.15283,0.045657,1
996,-0.072735,0.092214,-0.26956,1
997,0.02951,-0.065633,-0.3023,0
998,0.035138,-0.14162,-0.041071,1
999,-0.027619,0.15577,0.051264,1
1000,0.13019,0.12426,-0.036293,1
1001,-0.024893,0.15661,0.050094,0
1002,-0.10336,0.093622,-0.26376,0
1003,-0.028059,0.15814,0.057773,1
1004,-0.01035,-0.139,-0.0017973,0
1005,-0.26691,0.021168,0.062595,0
1006,0.1296,0.11599,-0.031584,1
1007,0.11838,0.10933,-0.029218,1
1008,-0.040105,0.1634,0.052008,0
1009,0.12171,0.11514,-0.026623,0
1010,0.14766,0.046041,-0.065942,0
1011,0.0038152,-0.15384,-0.011151,0
1012,-0.017288,0.16899,0.03516,1
1013,-0.019338,0.056453,0.13739,0
1014,-0.0028867,-0.13865,0.011796,1
1015,0.0092358,0.15763,0.058589,0
1016,0.1253,0.093905,-0.050675,1
1017,0.12806,0.11547,-0.053827,1
1018,-0.27263,0.027412,0.078515,0
1019,-0.023262,0.15115,0.052553,1
1020,0.14074,0.10116,-0.014024,1
1021,0.11795,0.058329,-0.021252,1
1022,-0.078213,0.090428,-0.27758,0
1023,-0.087576,0.10911,-0.274,1
1024,-0.011524,-0.14242,0.0021537,1
1025,-0.0099755,0.13487,0.060099,1
1026,-0.012346,-0.1382,0.0057033,1
1027,0.11207,0.057311,-0.018254,1
1028,-0.018798,0.15212,0.046605,1
1029,-0.026502,0.15495,0.04981,1
1030,-0.2812,0.065018,0.040668,0
1031,0.083736,-0.18487,-0.12057,1
1032,-0.14279,0.1357,-0.23287,1
1033,-0.089789,0.083347,-0.26269,0
1034,-0.096589,0.15047,-0.23695,0
1035,-0.29044,0.072408,0.042879,0
1036,-0.073571,0.087332,-0.27373,1
1037,-0.020546,0.15539,0.050744,0
1038,0.012589,-0.043254,-0.32202,0
1039,-0.14049,0.11977,-0.23565,1
1040,-0.090672,0.089259,-0.25815,0
1041,0.007385,0.13833,0.068359,1
1042,-0.0028916,-0.13866,0.011833,1
1043,-0.020546,0.15539,0.050744,0
1044,-0.021636,0.15368,0.052728,1
1045,0.10954,0.11012,-0.029753,1
1046,-0.02128,0.15294,0.052871,1
1047,0.11769,0.13126,-0.063501,0
1048,-0.11342,0.14017,-0.23725,1
1049,-0.023635,0.15357,0.046906,1
1050,-0.019746,0.15759,0.055429,1
1051,0.0028886,-0.13935,0.0078176,1
1052,-0.051238,0.13606,0.13732,1
1053,-0.2607,0.040656,-0.20609,0
1054,0.00020708,-0.15525,-0.004478,1
1055,0.03159,-0.015073,-0.32914,0
1056,0.11918,0.10748,-0.029545,1
1057,-0.012471,-0.14933,-0.019385,1
1058,-0.10248,0.10193,-0.26496,0
1059,-0.003569,-0.18406,-0.022526,1
1060,0.035415,-0.13454,0.0034978,1
1061,-0.022198,0.15344,0.055668,1
1062,0.035003,-0.13104,0.0055366,1
1063,-0.085382,0.13312,-0.24273,0
1064,-0.19096,-0.066505,-0.15839,0
1065,0.010774,-0.14997,-0.038749,1
1066,-0.2812,0.065018,0.040668,0
1067,-0.13486,0.15934,-0.23252,1
1068,-0.02001,0.15413,0.050036,0
1069,-0.08617,0.14015,-0.2515,0
1070,-0.1156,0.13787,-0.2385,0
1071,-0.015523,-0.14563,0.010794,1
1072,-0.18247,-0.096522,-0.16969,0
1073,-0.00089704,-0.13655,0.0090988,1
1074,0.14268,0.099171,-0.015075,1
1075,-0.13374,0.12066,-0.23314,0
1076,-0.02054,0.15539,0.050743,0
1077,-0.18265,-0.11712,-0.1988,1
1078,-0.21227,-0.044885,-0.15619,0
1079,0.082904,0.054911,0.068852,1
1080,-0.19094,-0.066507,-0.15841,0
1081,-0.0028867,-0.13865,0.011796,1
1082,-0.021679,0.15059,0.046874,1
1083,0.058293,-0.18908,-0.14611,1
1084,0.13948,0.097179,-0.10387,1
1085,-0.03013,0.16968,0.06401,1
1086,-0.10509,0.13788,-0.25254,0
1087,0.089092,0.05788,0.062631,1
1088,-0.028828,0.15435,0.0507,1
1089,0.11412,0.1308,-0.044148,1
1090,-0.073093,0.09683,-0.27911,0
1091,-0.025756,0.16066,0.055684,1
1092,-0.076987,0.1514,-0.26614,1
1093,-0.15771,-0.19439,0,1
1094,-0.031183,0.15188,0.050182,0
1095,-0.24009,-0.12417,-0.11475,0
1096,-0.077297,0.088997,-0.27006,0
1097,-0.0028916,-0.13866,0.011833,0
1098,0.1315,0.10848,-0.076554,1
1099,-0.0028867,-0.13865,0.011796,1
1100,-0.2812,0.065023,0.040665,0
1101,-0.079671,-0.068287,-0.31569,0
1102,-0.0076756,0.14088,0.06985,1
1103,0.023479,-0.1616,0.0011048,0
1104,-0.02054,0.15539,0.050743,0
1105,-0.10509,0.13788,-0.25254,0
1106,-0.047645,-0.12486,-0.30869,1
1107,-0.26386,0.0015112,0.068199,0
1108,0.10298,0.063349,0.086757,1
1109,-0.01994,0.1489,0.047731,1
1110,-0.1899,-0.069134,-0.15503,0
1111,0.059376,-0.19303,-0.14257,1
1112,0.040512,-0.13944,0.0061314,1
1113,-0.13776,0.12346,-0.23523,1
1114,-0.13485,0.12064,-0.23352,1
1115,0.13266,0.084954,-0.058891,0
1116,-0.02649,0.15495,0.049809,1
1117,-0.26862,0.083354,-0.18651,0
1118,-0.16128,-0.077875,-0.20803,0
1119,0.13603,0.052218,-0.043037,1
1120,-0.0028916,-0.13866,0.011833,1
1121,-0.083008,0.088891,-0.27896,1
1122,0.12178,0.11359,-0.037493,0
1123,-0.0148,0.17963,0.041772,1
1124,-0.069447,0.088465,-0.26683,1
1125,0.12241,0.12542,-0.03525,0
1126,-0.26918,0.020668,0.073128,0
1127,-0.008135,0.1757,0.039741,1
1128,0.0047512,-0.1493,-0.010127,1
1129,0.11399,0.12691,-0.034953,1
1130,-0.12958,0.15621,-0.23145,1
1131,-0.086175,0.14015,-0.25149,0
1132,0.11705,0.072165,-0.058236,0
1133,-0.089789,0.083347,-0.26269,0
1134,-0.2812,0.065016,0.040667,0
1135,-0.19007,-0.023774,-0.25709,0
1136,0.010865,-0.15174,-0.0062849,1
1137,0.0082396,0.24146,-0.034157,1
1138,-0.0028916,-0.13866,0.011833,1
1139,-0.023262,0.15115,0.052553,1
1140,0.059009,-0.19578,-0.12357,1
1141,-0.03344,0.056389,0.13172,0
1142,-0.032597,0.18309,0.038701,1
1143,-0.022363,-0.16005,-0.019883,1
1144,0.008129,-0.14666,-0.010357,0
1145,-0.089565,0.083488,-0.26688,1
1146,-0.016311,-0.16352,-0.022372,1
1147,-0.2717,0.019748,0.075167,0
1148,0.10813,0.12981,-0.049226,1
1149,0.10814,0.12982,-0.049215,1
1150,-0.082443,0.14399,-0.25542,0
1151,0.0050578,-0.15221,-0.010222,1
1152,-0.079592,-0.068259,-0.31572,0
1153,0.080999,0.061528,0.060781,1
1154,-0.05619,0.09162,-0.28093,0
1155,0.134,0.11686,-0.045768,1
1156,-0.10119,0.0952,-0.26592,0
1157,0.10746,0.057979,-0.02109,1
1158,0.014165,-0.15384,-0.0077129,0
1159,-0.26577,0.003027,0.04497,0
1160,-0.014377,0.1711,0.03211,1
1161,-0.27052,0.015082,0.067271,0
1162,-0.014293,0.17288,0.037849,1
1163,-0.0028916,-0.13866,0.011833,0
1164,0.10813,0.12981,-0.049226,1
1165,-0.14167,0.11688,-0.24253,1
1166,-0.0028867,-0.13865,0.011796,0
1167,-0.020977,0.152,0.048045,1
1168,-0.018816,0.17089,0.034454,0
1169,-0.025012,0.056654,0.13449,0
1170,-0.11103,0.17813,-0.24199,0
1171,-0.0057072,0.1403,0.056435,0
1172,-0.26138,0.045462,-0.20008,0
1173,-0.036473,0.055846,0.12594,0
1174,-0.023607,0.17335,0.031872,1
1175,-0.02204,0.15619,0.050143,1
1176,-0.27581,0.017167,0.031179,0
1177,-0.10987,0.14804,-0.24001,0
1178,-0.0028867,-0.13865,0.011796,1
1179,-0.0028916,-0.13866,0.011833,1
1180,-0.25489,0.0055766,-0.14779,0
1181,-0.13126,0.11948,-0.23763,0
1182,0.0084811,0.14107,0.072222,1
1183,-0.19096,-0.066504,-0.15839,0
1184,-0.018449,0.18406,0.039127,1
1185,-0.027918,0.16123,0.05551,1
1186,-0.2812,0.065016,0.040667,0
1187,0.13905,0.10715,-0.010739,1
1188,-0.090985,0.099604,-0.26305,0
1189,0.12757,0.04703,-0.042755,0
1190,-0.015848,0.16824,0.035798,1
1191,0.017618,-0.035321,-0.32912,0
1192,0.13603,0.052218,-0.043037,1
1193,-0.08242,0.13884,-0.25967,0
1194,-0.11765,0.16041,-0.24644,0
1195,-0.092902,0.086188,-0.27238,0
1196,0.13663,0.089689,-0.063692,0
1197,-0.016562,0.16957,0.034863,1
1198,-0.010752,0.17661,0.031794,1
1199,-0.0028916,-0.13866,0.011833,1
1200,-0.050348,0.10897,0.12735,1
1201,-0.025791,0.15748,0.051467,1
1202,-0.0028867,-0.13865,0.011796,1
1203,-0.082528,0.091389,-0.26346,1
1204,-0.082872,0.097094,-0.2665,1
1205,0.14222,0.10329,-0.0086475,1
1206,0.01433,-0.13604,-0.012871,1
1207,0.0049284,-0.14932,-0.010176,1
1208,-1.0336E-05,-0.15705,-0.0065704,1
1209,0.11801,0.11376,-0.033395,1
1210,0.14766,0.046045,-0.065944,0
1211,0.0038943,-0.15187,-0.0077704,1
1212,-0.079532,-0.068237,-0.31574,0
1213,-0.0028867,-0.13865,0.011796,1
1214,-0.048643,0.19397,0.069312,1
1215,-0.09386,0.076861,-0.26621,0
1216,-0.018816,0.17089,0.034454,0
1217,-0.13474,0.15981,-0.2323,1
1218,-0.074934,0.1427,-0.25976,1
1219,-0.068603,0.092288,-0.27451,0
1220,0.0010977,0.13219,0.070887,1
1221,-0.13126,0.11948,-0.23763,0
1222,-0.022027,0.15619,0.050166,1
1223,0.14764,0.045994,-0.065937,0
1224,0.12239,0.11612,-0.030096,0
1225,0.00556,-0.14974,-0.0099182,1
1226,-0.0028867,-0.13865,0.011796,1
1227,-0.0028916,-0.13866,0.011833,1
1228,-0.0028916,-0.13866,0.011833,0
1229,0.017695,-0.035252,-0.32913,0
1230,0.1187,0.11334,-0.03671,0
1231,-0.018312,0.1716,0.033405,1
1232,0.0050578,-0.15221,-0.010222,0
1233,-0.018682,0.14856,0.046626,1
1234,-0.078677,0.14775,-0.25981,0
1235,-0.1109,0.14549,-0.23021,0
1236,-0.26264,0.070183,-0.18831,0
1237,-0.079699,0.14174,-0.25958,1
1238,-0.08341,0.12487,-0.25205,1
1239,-0.2812,0.065025,0.040666,0
1240,0.0019969,0.13461,0.072872,1
1241,-0.023238,0.15116,0.05257,1
1242,0.12515,0.11033,-0.038386,0
1243,-0.043687,0.11702,-0.28209,0
1244,-0.0028916,-0.13866,0.011833,1
1245,-0.033199,0.054239,0.13469,0
1246,-0.017815,0.17263,0.034529,1
1247,0.0086929,0.15434,0.062328,1
1248,0.11948,0.1303,-0.064724,0
1249,0.12553,0.11633,-0.033935,1
1250,-0.0082313,0.18214,0.043581,1
1251,-0.011903,-0.13909,0.0068715,1
1252,-0.053093,0.037822,-0.2248,0
1253,0.11957,0.056164,-0.021735,1
1254,-0.10591,0.094532,-0.25682,0
1255,-0.082383,0.14262,-0.26259,0
1256,-0.056794,-0.058551,-0.3189,0
1257,-0.27507,-0.0078981,0.043525,0
1258,-0.17809,-0.10757,-0.18999,0
1259,0.12419,0.07576,-0.067469,0
1260,0.14464,0.10249,-0.013795,1
1261,0.091958,-0.12103,-0.19254,1
1262,-0.084644,0.084462,-0.26656,0
1263,-0.19095,-0.066505,-0.15839,0
1264,-6.6174E-05,0.13237,0.068617,1
1265,-0.27911,0.05938,0.045712,0
1266,-0.0028867,-0.13865,0.011796,0
1267,0.12851,0.074137,-0.074689,0
1268,-0.21082,-0.034237,-0.15473,1
1269,0.0047307,-0.1493,-0.010121,1
1270,0.024247,-0.15018,-0.030782,1
1271,-0.070625,0.14973,-0.25803,1
1272,-0.021718,0.16323,0.063007,1
1273,-0.02493,0.15628,0.04988,1
1274,0.036763,-0.13418,0.0048923,1
1275,0.0065015,-0.14725,-0.01273,1
1276,0.0040265,-0.16052,-0.0068397,1
1277,-0.029765,0.16045,0.059798,1
1278,-0.16661,-0.065487,-0.19462,0
1279,0.14074,0.10113,-0.01405,1
1280,0.13206,0.097562,-0.10411,1
1281,-0.030521,0.15483,0.055248,1
1282,0.10913,0.12975,-0.046107,1
1283,-0.085086,0.085469,-0.26523,0
1284,-0.071536,0.14218,-0.26553,1
1285,-0.081724,0.14241,-0.26306,0
1286,-0.10186,0.14486,-0.25354,1
1287,0.0087237,-0.15158,-0.038232,1
1288,0.1226,0.072648,-0.06106,0
1289,-0.018444,-0.13888,0.0074012,1
1290,-0.015221,-0.011247,0.040577,1
1291,-0.10509,0.13788,-0.25254,0
1292,-0.2338,0.019696,-0.14417,1
1293,-0.15892,-0.067276,-0.19175,0
1294,-0.092185,0.074204,-0.26506,0
1295,-0.040991,-0.15314,0.012715,0
1296,0.091939,-0.12104,-0.19254,1
1297,-0.01907,-0.14056,0.012954,1
1298,-0.011516,0.17852,0.037445,1
1299,0.12096,0.13346,-0.034297,1
1300,0.12169,0.12141,-0.035559,1
1301,-0.16133,-0.080577,-0.20896,0
1302,0.0058883,0.13841,0.064832,1
1303,-0.096271,0.15117,-0.23821,0
1304,-0.2613,0.047201,-0.19602,0
1305,-0.10882,0.14061,-0.2434,0
1306,-0.0028867,-0.13865,0.011796,0
1307,-0.17388,-0.075711,-0.19967,1
1308,-0.042071,0.17857,0.066743,0
1309,-0.057501,-0.04019,-0.32822,1
1310,0.016156,-0.13735,-0.020784,1
1311,-0.0080923,0.23799,-0.041047,0
1312,-0.27171,0.0022382,0.034571,0
1313,-0.018969,0.1538,0.048151,1
1314,-0.027625,0.16228,0.0579,1
1315,-0.043884,0.11522,-0.27933,0
1316,-0.26927,0.025605,0.05598,0
1317,-0.11583,0.17328,-0.23971,0
1318,-0.27997,0.028389,0.030742,0
1319,-0.029481,0.048053,0.12419,0
1320,0.011446,-0.14605,-0.0092467,0
1321,-0.28996,0.027716,0.031402,0
1322,0.12645,0.11841,-0.035657,1
1323,-0.16058,0.15827,-0.20065,0
1324,-0.030604,0.17154,0.034568,1
1325,0.11952,0.13024,-0.064759,0
1326,0.017645,-0.14233,-0.03467,1
1327,-0.0042454,-0.14733,0.0014728,1
1328,-0.14596,0.13278,-0.23115,0
1329,0.010095,-0.15625,-0.038058,1
1330,0.077825,0.058336,0.067477,0
1331,-0.19234,-0.060335,-0.15667,0
1332,0.15124,0.10128,-0.013274,1
1333,-0.0028867,-0.13865,0.011796,0
1334,-0.26397,0.19456,-0.095924,0
1335,-0.025895,0.15734,0.052267,1
1336,-0.12848,0.14774,-0.24154,1
1337,-0.08617,0.14015,-0.2515,0
1338,0.12237,0.11615,-0.030077,0
1339,0.14002,0.10217,-0.0091529,1
1340,0.13399,0.11686,-0.045766,1
1341,-0.029336,0.15725,0.054041,1
1342,-0.18374,-0.11096,-0.18787,1
1343,0.13601,0.08988,-0.060218,0
1344,-0.023263,0.15092,0.048159,1
1345,-0.0029244,-0.14108,0.013437,1
1346,0.10992,0.13293,-0.043721,0
1347,0.12241,0.12543,-0.035246,0
1348,0.0086716,-0.13681,0.013373,1
1349,-0.013278,0.17989,0.043316,1
1350,-0.10509,0.13788,-0.25254,0
1351,-0.25809,0.04719,-0.19509,0
1352,-0.018945,0.17515,0.034558,1
1353,-0.19096,-0.0665,-0.15838,0
1354,0.036096,-0.1502,-0.17049,1
1355,0.12872,0.10974,-0.029839,1
1356,0.10817,0.13538,-0.041327,1
1357,0.13603,0.052222,-0.043033,0
1358,0.019313,0.071321,0.10138,0
1359,-0.0028916,-0.13866,0.011833,1
1360,0.11972,0.1118,-0.030835,1
1361,-0.0028867,-0.13865,0.011796,0
1362,-0.28034,0.0082943,0.033191,0
1363,-0.027569,0.14934,0.04738,1
1364,-0.087713,0.13355,-0.23593,0
1365,0.13604,0.089809,-0.060105,0
1366,-0.074573,0.087377,-0.27162,0
1367,-0.028496,0.15677,0.056543,1
1368,-0.02963,0.15839,0.046773,1
1369,-0.12637,0.15208,-0.24744,1
1370,-0.28177,0.052917,0.048999,0
1371,0.0092315,0.15761,0.058589,0
1372,0.12982,0.11222,-0.0293,1
1373,-0.091684,0.12775,-0.25381,0
1374,-0.21168,-0.039867,-0.15933,0
1375,-0.092045,0.12844,-0.25462,0
1376,-0.039266,0.027169,0.064268,1
1377,-0.10552,0.12963,-0.23383,0
1378,0.091954,-0.12102,-0.19255,1
1379,-0.19096,-0.06651,-0.15839,0
1380,-0.27171,0.0022381,0.034571,0
1381,0.0085216,0.14176,0.076499,1
1382,-0.23095,0.025983,-0.14051,0
1383,-0.27067,0.0016722,0.04442,0
1384,0.11499,0.11779,-0.035579,1
1385,-0.023667,0.1556,0.04804,0
1386,-0.025746,0.058107,0.13778,0
1387,-0.072158,0.11224,-0.27643,1
1388,0.0075368,-0.15372,-0.0080233,1
1389,0.1224,0.12544,-0.035235,1
1390,0.077755,0.060821,0.066532,0
1391,-0.091834,0.16469,-0.24096,0
1392,-0.26973,0.091328,-0.18172,0
1393,-0.19096,-0.0665,-0.15838,0
1394,0.0019585,-0.13556,0.0077136,1
1395,-0.14596,0.13277,-0.23115,0
1396,-0.025032,0.05665,0.13448,0
1397,0.013248,-0.13479,-0.01693,1
1398,0.012541,-0.14952,-0.012228,0
1399,0.12229,0.14079,-0.03967,1
1400,-0.082839,0.14732,-0.25526,0
1401,-0.078187,0.1317,-0.25605,0
1402,-0.10135,0.16693,-0.2652,0
1403,-0.081999,0.087888,-0.28286,0
1404,0.12241,0.12543,-0.035246,0
1405,0.017478,-0.15739,-0.0013861,1
1406,0.10753,0.12792,-0.063495,1
1407,-0.016698,0.17424,0.036201,1
1408,-0.017151,0.16982,0.034072,1
1409,0.0062328,-0.14582,-0.0094796,0
1410,-0.24823,0.02025,-0.21159,0
1411,-0.04914,0.11323,-0.27734,1
1412,0.01144,-0.14786,-0.017467,0
1413,0.1224,0.12544,-0.035235,1
1414,0.0038567,0.14368,0.059826,0
1415,0.035901,-0.15027,-0.17047,1
1416,-0.11996,0.12912,-0.25053,0
1417,0.1224,0.12544,-0.035235,0
1418,-0.026491,0.15495,0.049816,1
1419,-0.028277,-0.15556,-0.011308,1
1420,-0.10493,0.13318,-0.23986,1
1421,-0.070602,0.084528,-0.2787,0
1422,-0.017498,0.16522,0.033197,1
1423,-0.027618,0.15577,0.051256,1
1424,-0.043683,0.11704,-0.28207,1
1425,-0.0012862,0.24862,-0.039806,0
1426,-0.022698,0.15743,0.050142,1
1427,-0.050075,0.10665,-0.29721,0
1428,-0.023263,0.15092,0.048159,1
1429,0.062994,-0.19053,-0.14469,1
1430,-0.28323,0.057991,0.045412,0
1431,-0.077178,0.085998,-0.26683,1
1432,-0.25799,0.0031457,0.060613,0
1433,-0.27727,0.0040699,0.029226,0
1434,0.13399,0.11688,-0.045758,1
1435,0.00014493,0.13447,0.069951,1
1436,0.13399,0.11686,-0.045766,0
1437,-0.138,0.16281,-0.23241,1
1438,0.11952,0.13024,-0.064759,0
1439,-0.0028929,-0.13865,0.011823,0
1440,0.11715,0.13114,-0.051058,1
1441,-0.020621,0.053118,0.13148,0
1442,-0.043901,0.11514,-0.27939,0
1443,-0.011937,-0.0054578,0.026433,1
1444,-0.016247,0.16474,0.029105,1
1445,0.11627,0.18973,-0.061813,0
1446,-0.082527,0.091389,-0.26346,1
1447,-0.090646,0.15775,-0.2343,0
1448,0.087195,0.050604,0.064905,1
1449,-0.26656,0.074315,-0.18501,0
1450,0.0062795,0.13866,0.068663,1
1451,-0.0028929,-0.13865,0.011823,1
1452,-0.021285,0.15294,0.052863,1
1453,-0.023358,-0.14425,-0.0051647,1
1454,-0.23604,-0.004195,0.071491,0
1455,-0.021859,-0.016115,0.053785,1
1456,-0.13467,0.12068,-0.23324,0
1457,0.11693,0.11226,-0.036646,0
1458,-0.1348,0.12051,-0.23359,1
1459,0.0042302,-0.14893,-0.007819,1
1460,0.035885,-0.077319,-0.31163,0
1461,0.139,0.10721,-0.010698,1
1462,0.0061526,-0.15287,-0.0085221,1
1463,0.012126,-0.13774,-0.0002238,1
1464,-0.071726,0.078735,-0.27688,0
1465,-0.10353,0.18451,-0.25182,0
1466,0.045004,-0.13282,-0.0010455,1
1467,0.10993,0.13293,-0.043725,1
1468,-0.020016,0.15413,0.050025,0
1469,-0.14597,0.13277,-0.23115,0
1470,-0.082442,0.13987,-0.25309,0
1471,-0.10987,0.14804,-0.24001,1
1472,-0.079514,-0.06823,-0.31574,0
1473,-0.014214,0.17302,0.038032,1
1474,0.12731,0.076754,-0.070993,0
1475,-0.027618,0.15577,0.051256,1
1476,0.11705,0.072168,-0.058232,0
1477,-0.076946,0.14598,-0.2627,1
1478,0.1187,0.11334,-0.036717,0
1479,0.081656,0.059216,0.064776,1
1480,-0.26579,0.18973,-0.093736,0
1481,-0.013103,-0.14925,-0.027293,0
1482,-0.099012,0.13545,-0.2364,0
1483,-0.032025,0.15908,0.049795,1
1484,0.09,0.063513,0.068306,1
1485,-0.20636,0.0059459,0.11856,0
1486,-0.2678,-0.0028643,0.039571,0
1487,-0.056603,0.11727,0.13086,1
1488,0.0087923,-0.15129,-0.0094305,1
1489,0.018288,-0.13915,-0.023573,1
1490,0.0060069,0.13578,0.06215,1
1491,0.0063833,-0.1545,-0.0071405,1
1492,0.098145,0.073245,0.10971,0
1493,-0.1088,0.14062,-0.2434,0
1494,-0.28045,0.061454,0.041621,0
1495,0.12647,0.11652,-0.031318,1
1496,-0.2812,0.065019,0.040664,0
1497,-0.08242,0.13884,-0.25967,0
1498,-0.15474,-0.087644,-0.19384,0
1499,0.13084,0.10724,-0.077855,1
1500,0.12804,0.12008,-0.033278,1
1501,-0.092741,0.08483,-0.25943,0
1502,0.12419,0.075765,-0.067452,0
1503,-0.013304,-0.15217,-0.026439,0
1504,-0.0098628,-0.0068467,0.029525,1
1505,-0.19247,-0.066636,-0.15617,0
1506,-0.24717,0.031685,-0.14028,0
1507,-0.2281,0.011077,-0.13912,0
1508,0.0092317,0.15761,0.058588,0
1509,-0.032701,0.1765,0.036822,1
1510,0.062499,-0.19439,-0.12317,1
1511,-0.26633,0.072012,-0.18912,0
1512,-0.026117,0.15354,0.048945,1
1513,0.14384,0.099009,-0.015954,1
1514,0.0058451,0.13841,0.070232,1
1515,-0.037169,0.1085,0.12801,1
1516,-0.18357,-0.022401,-0.25737,1
1517,-0.027614,0.15577,0.051272,1
1518,0.0006743,0.25066,-0.037349,0
1519,-0.12096,0.12302,-0.23769,0
1520,-0.02326,0.15115,0.052544,1
1521,-0.096251,0.15121,-0.2382,0
1522,0.077755,0.060821,0.066532,0
1523,-0.27055,-0.0047167,0.041487,0
1524,-0.024535,0.16967,0.033283,1
1525,-0.044498,0.21681,0.047891,1
1526,-0.25562,0.0090765,-0.14717,0
1527,-0.022374,0.15364,0.050117,1
1528,-0.0141,0.17153,0.026004,1
1529,-0.20678,-0.040118,-0.15781,0
1530,0.078983,0.068877,0.060306,1
1531,-0.0028929,-0.13865,0.011823,1
1532,-0.2687,-0.010552,0.044082,0
1533,-0.0028853,-0.13865,0.011806,0
1534,-0.02131,0.1551,0.050553,1
1535,-0.012888,-0.15217,-0.026715,1
1536,-0.018499,0.15696,0.050856,1
1537,0.12803,0.11706,-0.048717,1
1538,0.12978,0.10031,-0.073807,1
1539,-0.10987,0.14804,-0.24001,1
1540,-0.0028929,-0.13865,0.011823,1
1541,-0.24406,0.001505,0.069572,1
1542,-0.053513,-0.12692,-0.30723,1
1543,-0.089129,0.15842,-0.23687,1
1544,0.12179,0.11358,-0.037498,0
1545,-0.28153,0.066127,0.04008,0
1546,0.0061705,-0.15287,-0.0085338,1
1547,-0.25809,0.047204,-0.19509,0
1548,0.11918,0.10748,-0.029541,1
1549,0.014122,-0.15695,-0.0042174,1
1550,0.0068146,-0.1484,-0.019845,1
1551,0.0079436,-0.15075,-0.011247,1
1552,-0.024953,0.15628,0.049852,1
1553,-0.02206,-0.16528,-0.014382,1
1554,-0.085492,0.082036,-0.28157,0
1555,-0.036453,0.055844,0.12595,0
1556,0.10993,0.13293,-0.043725,0
1557,-0.27198,0.05469,0.046597,0
1558,0.12241,0.12543,-0.035243,0
1559,-0.025906,0.15659,0.048245,1
1560,-0.011549,-0.13999,-0.019149,0
1561,-0.092741,0.08483,-0.25943,0
1562,0.017645,-0.035297,-0.32913,0
1563,0.12464,0.10598,-0.033871,0
1564,-0.25681,-0.01326,0.069922,0
1565,0.0025762,-0.14411,-0.010033,0
1566,-0.012656,0.16922,0.033839,1
1567,0.0058122,0.1376,0.063373,1
1568,-0.0028929,-0.13865,0.011823,1
1569,-0.0028853,-0.13865,0.011806,1
1570,-0.021258,0.1686,0.032626,1
1571,-0.27382,-0.0058012,0.043612,0
1572,-0.27507,-0.0078981,0.043525,0
1573,-0.10995,0.13979,-0.24004,1
1574,-0.19096,-0.0665,-0.15838,0
1575,-0.020545,0.15539,0.050735,0
1576,0.0049897,-0.14933,-0.010191,1
1577,-0.051239,0.13606,0.13732,1
1578,0.12237,0.11615,-0.030086,0
1579,0.11769,0.13126,-0.063497,0
1580,-0.1819,-0.10384,-0.17937,1
1581,0.13056,0.1142,-0.10555,1
1582,0.12089,0.10477,-0.027376,1
1583,0.0075637,-0.15372,-0.0080301,1
1584,0.0054565,0.13705,0.068098,1
1585,-0.039565,0.13029,0.077654,1
1586,-0.0028853,-0.13865,0.011806,1
1587,-0.025017,0.1522,0.050313,1
1588,0.012487,-0.15272,-0.010657,1
1589,-0.16348,-0.058832,-0.19348,0
1590,0.0025695,0.13046,0.063612,1
1591,-0.013294,-0.15217,-0.026447,0
1592,-0.027433,0.15974,0.054772,1
1593,-0.14046,0.12879,-0.23653,0
1594,-0.0025249,0.24363,-0.044203,0
1595,0.13714,0.053831,-0.051277,1
1596,-0.10509,0.13788,-0.25254,0
1597,0.0087373,-0.14841,-0.0080453,1
1598,-0.089724,0.13545,-0.24116,0
1599,0.10993,0.13293,-0.043725,1
1600,-0.088915,0.14303,-0.23332,0
1601,-0.091225,0.12618,-0.2594,0
1602,0.0058451,0.13841,0.070232,1
1603,-0.074075,0.095569,-0.26499,1
1604,0.13852,0.12802,-0.024142,1
1605,0.0025695,0.13046,0.063612,1
1606,0.12237,0.11615,-0.030086,0
1607,0.12327,0.10755,-0.030763,1
1608,-0.2749,0.044686,0.053388,0
1609,-0.27278,0.025785,0.036253,0
1610,0.12241,0.12543,-0.035243,0
1611,0.12121,0.10764,-0.031566,1
1612,0.10924,0.12124,-0.075321,1
1613,-0.21573,-0.04612,-0.15537,0
1614,-0.20727,-0.036139,-0.15991,1
1615,0.12121,0.10764,-0.031566,1
1616,0.017733,-0.035218,-0.32914,0
1617,-0.016514,-0.14909,-0.026514,0
1618,0.12863,0.1203,-0.032603,1
1619,-0.0028929,-0.13865,0.011823,1
1620,-0.026501,0.15495,0.049803,1
1621,0.13829,0.10526,-0.013643,0
1622,-0.021594,0.15729,0.047534,0
1623,-0.25515,0.033822,0.077741,0
1624,-0.025017,0.1522,0.050313,1
1625,-0.18398,-0.091311,-0.19883,0
1626,0.085579,0.071217,0.068983,1
1627,0.0075637,-0.15372,-0.0080301,1
1628,-0.2167,-0.04557,-0.16152,0
1629,-0.011868,0.17507,0.034736,1
1630,0.020956,-0.031301,-0.3248,0
1631,-0.0032172,-0.14205,-0.0025664,1
1632,0.11609,0.11677,-0.029664,0
1633,-0.051874,0.13374,0.13419,1
1634,-0.27438,0.017078,0.028223,0
1635,-0.0028929,-0.13865,0.011823,1
1636,0.0051236,-0.15222,-0.010241,1
1637,-0.013091,-0.14926,-0.027301,0
1638,0.15278,0.11251,0.026954,1
1639,-0.025549,0.15709,0.050556,1
1640,-0.090672,0.089259,-0.25815,0
1641,0.11795,0.058329,-0.021252,1
1642,-0.076917,0.12664,-0.24852,0
1643,0.13399,0.11687,-0.045759,1
1644,-0.13742,0.16075,-0.23525,0
1645,-0.077155,0.088312,-0.26852,0
1646,0.12121,0.10764,-0.031571,0
1647,-0.037715,0.15796,0.052901,0
1648,0.087447,0.060806,0.067771,1
1649,-0.098102,0.10138,-0.26519,0
1650,-0.00089103,-0.13655,0.0090692,0
1651,-0.013856,-0.15657,-0.025234,1
1652,-0.0032171,-0.14205,-0.0025664,1
1653,-0.0028853,-0.13865,0.011806,1
1654,-0.089723,0.13545,-0.24116,0
1655,-0.11412,0.16883,-0.25339,1
1656,0.12762,0.047923,-0.049248,1
1657,0.10591,-0.038745,-0.27003,0
1658,-0.12633,0.17753,-0.23802,1
1659,-0.11218,0.15992,-0.26813,1
1660,-0.018897,-0.14031,0.0098681,0
1661,0.019281,0.22313,-0.057129,0
1662,-0.11998,0.046022,-0.20714,0
1663,-0.023356,-0.1539,-0.016644,1
1664,-0.029133,0.15842,0.058619,1
1665,-0.0028853,-0.13865,0.011806,1
1666,0.079702,0.074882,0.068766,1
1667,-0.023232,0.15306,0.052842,1
1668,0.12735,0.11421,-0.046345,1
1669,0.0012742,0.14957,0.060044,1
1670,-0.26892,-0.0015014,0.040783,0
1671,-0.21244,-0.027459,-0.15048,0
1672,-0.043882,0.11523,-0.27932,0
1673,-0.25425,0.034901,-0.20777,0
1674,-0.2613,0.047217,-0.19604,0
1675,-0.075198,0.12906,-0.25736,0
1676,0.064752,-0.18988,-0.13883,1
1677,-0.0028853,-0.13865,0.011806,1
1678,-0.096361,0.13177,-0.26151,0
1679,0.0064236,-0.14584,-0.0095206,1
1680,0.015308,-0.15474,-0.046811,1
1681,-0.015944,0.16527,0.03127,1
1682,-0.27655,0.012821,0.03338,0
1683,-0.12363,0.29252,0.00501,1
1684,0.0048508,0.15386,0.057955,1
1685,-0.13125,0.16325,-0.23294,1
1686,0.091011,0.057531,0.06478,1
1687,0.1224,0.12543,-0.035237,1
1688,0.13444,0.047281,-0.043432,1
1689,-0.2375,-0.0039937,0.069879,0
1690,-0.10248,0.10193,-0.26496,0
1691,-0.1601,-0.073001,-0.20145,0
1692,-0.024243,0.15289,0.047324,1
1693,-0.0083096,0.13566,0.063397,1
1694,-0.02589,0.15734,0.052283,1
1695,0.12525,0.12847,-0.041952,1
1696,0.034604,-0.036209,-0.32739,0
1697,0.11127,0.12709,-0.052383,1
1698,0.1202,-0.028238,-0.27922,0
1699,-0.026829,0.15161,0.052562,1
1700,0.010162,-0.15398,-0.045294,1
1701,0.01058,-0.15047,-0.0098884,1
1702,-0.029884,0.177,0.037474,1
1703,0.10978,0.12941,-0.051934,1
1704,-0.004688,-0.13732,-0.011639,1
1705,-0.08466,0.085245,-0.26176,1
1706,-0.016145,0.18793,0.041015,1
1707,-0.10987,0.14804,-0.24001,0
1708,-0.26753,0.030477,0.057463,0
1709,0.0053818,0.14887,0.058291,1
1710,0.034441,0.19169,-0.02838,1
1711,0.034943,-0.13797,-0.038378,1
1712,-0.051172,0.13247,0.13507,1
1713,-0.020605,0.05314,0.13151,0
1714,-0.027567,0.14934,0.047395,1
1715,-0.12096,0.12303,-0.23768,0
1716,-0.0028929,-0.13865,0.011823,1
1717,-0.017771,0.1793,0.037764,1
1718,-0.076917,0.12664,-0.24852,0
1719,0.12236,0.11615,-0.030065,0
1720,-0.02326,0.15115,0.052544,1
1721,-0.029942,0.17843,0.036639,1
1722,-0.079319,0.08877,-0.27715,1
1723,-0.030693,0.18397,0.035648,1
1724,-0.020135,0.1711,0.034077,1
1725,-0.090672,0.089259,-0.25815,0
1726,-0.0010757,0.15279,0.058111,1
1727,0.13602,0.089847,-0.060157,0
1728,0.0066253,0.14056,0.073318,1
1729,-0.0028853,-0.13865,0.011806,0
1730,-0.13405,0.11667,-0.23711,1
1731,0.012669,-0.15841,-0.040734,1
1732,0.12179,0.11359,-0.037493,0
1733,0.004686,-0.13419,-0.009358,1
1734,-0.0028853,-0.13865,0.011806,1
1735,-0.26698,0.080352,-0.18847,0
1736,-0.026812,0.155,0.05476,1
1737,-0.18368,-0.098868,-0.18698,1
1738,0.13737,0.051124,-0.043494,1
1739,-0.0028929,-0.13865,0.011823,1
1740,-0.050707,0.13617,0.13767,1
1741,0.0026698,-0.15203,-0.011809,1
1742,-0.027416,0.16026,0.052483,1
1743,-0.019505,0.17382,0.033256,1
1744,-0.24083,-0.01544,0.080292,1
1745,0.134,0.11686,-0.045767,0
1746,0.12089,0.10477,-0.027376,1
1747,-0.01225,-0.13822,0.0056357,1
1748,0.11177,0.13441,-0.045282,0
1749,0.0059392,0.13403,0.060705,1
1750,-0.22115,-0.0027891,-0.13602,0
1751,-0.092186,0.096219,-0.25909,0
1752,-0.15723,-0.078086,-0.18855,0
1753,-0.2613,0.047221,-0.19603,0
1754,-0.2678,-0.0028702,0.039585,0
1755,-0.022641,-0.15619,-0.021435,1
1756,0.10833,0.12744,-0.045272,1
1757,0.12927,0.049574,-0.041816,1
1758,-0.094992,0.082675,-0.26028,0
1759,0.059724,-0.12668,-0.076012,0
1760,0.0031276,-0.13915,0.0092306,0
1761,-0.02589,0.15734,0.052283,1
1762,-0.18865,-0.023081,-0.25492,1
1763,-0.031062,-0.2136,-0.19119,1
1764,0.034943,-0.13797,-0.038378,1
1765,-0.027182,0.15739,0.052235,1
1766,-0.0028853,-0.13865,0.011806,0
1767,0.019754,-0.13743,-0.015598,1
1768,0.0072313,-0.15137,-0.040339,1
1769,0.004686,-0.13419,-0.009358,1
1770,-0.19131,-0.012633,-0.24688,1
1771,-0.27442,0.014618,0.033667,0
1772,-0.019708,-0.15345,-0.021602,1
1773,0.12037,0.10439,-0.034241,1
1774,-0.082106,0.087473,-0.26532,1
1775,-0.022,0.1748,0.032885,1
1776,0.011284,0.2086,-0.028929,0
1777,-0.10592,0.13674,-0.23593,0
1778,0.13603,0.052221,-0.043031,1
1779,0.030388,-0.057144,-0.31334,0
1780,-0.086687,0.086106,-0.2645,1
1781,-0.26894,0.033272,0.083185,0
1782,0.023271,-0.14877,-0.015594,1
1783,-0.2116,-0.052867,-0.15325,0
1784,-0.029498,0.048034,0.12416,0
1785,0.10833,0.12744,-0.045266,1
1786,0.13434,0.046515,-0.046771,1
1787,-0.033448,0.056401,0.13172,0
1788,-0.23395,0.010849,-0.14038,0
1789,0.075822,0.063304,0.062984,1
1790,-0.075862,0.10259,-0.27913,0
1791,0.10833,0.12744,-0.045272,1
1792,-0.048665,0.12674,0.14346,1
1793,-0.084415,0.14025,-0.25083,0
1794,-0.072129,0.13994,-0.25984,0
1795,-0.28567,0,0,0
1796,0.12095,0.13347,-0.034268,1
1797,-0.18569,-0.10039,-0.18698,0
1798,-0.1601,-0.072994,-0.20145,0
1799,-0.093049,-0.13838,0.094826,0
1800,-0.089486,0.13089,-0.27045,0
1801,-0.04246,-0.142,0.012008,1
1802,0.1242,0.075758,-0.067456,0
1803,0.0043864,0.13879,0.077461,1
1804,-0.01387,-0.13886,0.0064543,1
1805,-0.11715,0.16642,-0.26065,1
1806,-0.033481,0.050055,0.13312,0
1807,0.0051124,-0.13752,-0.0081632,1
1808,0.11556,0.18826,-0.066369,0
1809,0.13521,0.12105,-0.047589,1
1810,-0.010561,0.134,0.06769,0
1811,-0.10509,0.13788,-0.25254,1
1812,0.11915,0.085055,-0.043033,1
1813,0.03616,-0.15017,-0.17051,1
1814,-0.075678,0.14312,-0.24809,0
1815,-0.019779,-0.15343,-0.021543,1
1816,-0.018249,0.1699,0.033725,1
1817,0.13769,0.15231,0.0084249,0
1818,-0.027614,0.15577,0.051272,1
1819,0.0085671,-0.15104,-0.0063618,0
1820,-0.2691,0.020445,0.073143,0